{
  "Sc": [
    [
      0.9627,
      1.298
    ],
    [
      -0.01195,
      0.001887
    ],
    [
      0.003207,
      0.0007223
    ],
    [
      0.1746,
      0.2624
    ],
    [
      0.02062,
      0.0374
    ]
  ],
  "Ti": [
    [
      0.9865,
      2.0
    ],
    [
      -0.002565,
      0.001442
    ],
    [
      0.3906,
      0.2528
    ],
    [
      -0.5238,
      6.228
    ],
    [
      -0.1731,
      0.3869
    ]
  ],
  "V": [
    [
      6.594,
      463.8
    ],
    [
      2.007,
      0.4761
    ],
    [
      -41.02,
      3962.0
    ],
    [
      -1.165,
      2.72
    ],
    [
      -0.7793,
      0.4911
    ]
  ],
  "Cr": [
    [
      1.201,
      4.655
    ],
    [
      1.304,
      0.2783
    ],
    [
      -5.867,
      1.045
    ],
    [
      3.577,
      5.462
    ],
    [
      3.88,
      1.312
    ]
  ],
  "Mn": [
    [
      0.8182,
      4.156
    ],
    [
      2.39,
      0.2663
    ],
    [
      -6.858,
      3.055
    ],
    [
      6.222,
      4.96
    ],
    [
      -0.754,
      0.245
    ]
  ],
  "Fe": [
    [
      6.967,
      435.7
    ],
    [
      1.799,
      0.1894
    ],
    [
      -44.85,
      3955.0
    ],
    [
      -0.6665,
      1.294
    ],
    [
      -0.5191,
      0.1693
    ]
  ],
  "Co": [
    [
      5.324,
      271.6
    ],
    [
      1.894,
      0.1638
    ],
    [
      -31.58,
      2386.0
    ],
    [
      -0.8253,
      0.9567
    ],
    [
      -0.5211,
      0.1285
    ]
  ],
  "Ni": [
    [
      2.123,
      0.2109
    ],
    [
      5.423,
      6.535
    ],
    [
      -42.32,
      0.9541
    ],
    [
      70.1,
      1.139
    ],
    [
      -30.31,
      1.325
    ]
  ],
  "Cu": [
    [
      1.684,
      0.01976
    ],
    [
      -1.093,
      0.05604
    ],
    [
      -0.07235,
      0.002058
    ],
    [
      -0.1153,
      0.004499
    ],
    [
      -0.4434,
      0.5774
    ]
  ],
  "Y": [
    [
      1.808,
      0.001824
    ],
    [
      -0.5816,
      0.09904
    ],
    [
      -1.824,
      0.0003088
    ],
    [
      1.045,
      0.0001321
    ],
    [
      -0.1714,
      5.709e-05
    ]
  ],
  "Zr": [
    [
      0.002954,
      0.0003582
    ],
    [
      1.251,
      20.98
    ],
    [
      0.9615,
      5.496
    ],
    [
      -0.1008,
      0.2481
    ],
    [
      0.1946,
      0.574
    ]
  ],
  "Nb": [
    [
      0.985,
      0.0648
    ],
    [
      0.3354,
      3.146
    ],
    [
      -0.3161,
      0.02979
    ],
    [
      -1.071,
      0.2602
    ],
    [
      0.6619,
      0.2939
    ]
  ],
  "Mo": [
    [
      1.15,
      0.7032
    ],
    [
      0.2098,
      0.01704
    ],
    [
      -1.331,
      0.03853
    ],
    [
      0.7077,
      0.03072
    ],
    [
      0.1815,
      0.1724
    ]
  ],
  "Ru": [
    [
      1.141,
      0.7594
    ],
    [
      0.2508,
      0.01774
    ],
    [
      -1.329,
      0.04251
    ],
    [
      0.585,
      0.1624
    ],
    [
      0.3849,
      0.02449
    ]
  ],
  "Rh": [
    [
      0.02283,
      0.001625
    ],
    [
      2.769,
      1.724
    ],
    [
      -2.187,
      2.573
    ],
    [
      -0.1444,
      0.04847
    ],
    [
      0.1402,
      0.0681
    ]
  ],
  "Pd": [
    [
      0.007623,
      0.0004048
    ],
    [
      -3.558,
      96.47
    ],
    [
      9.942,
      169.1
    ],
    [
      2.203,
      11.02
    ],
    [
      0.2391,
      0.4986
    ]
  ],
  "Ag": [
    [
      4.349,
      39.61
    ],
    [
      -8.312,
      153.7
    ],
    [
      0.4611,
      0.2675
    ],
    [
      -0.6189,
      0.3481
    ],
    [
      2.32,
      21.11
    ]
  ],
  "Hf": [
    [
      0.8602,
      1.201
    ],
    [
      0.2697,
      0.06587
    ],
    [
      -0.1946,
      1.345
    ],
    [
      -0.1715,
      0.05218
    ],
    [
      -0.1149,
      0.3384
    ]
  ],
  "Ta": [
    [
      0.9782,
      1.502
    ],
    [
      0.216,
      0.05528
    ],
    [
      -0.6757,
      0.1135
    ],
    [
      0.39,
      1.21
    ],
    [
      0.2566,
      0.1225
    ]
  ],
  "W": [
    [
      0.8705,
      1.171
    ],
    [
      0.9543,
      0.06933
    ],
    [
      -1.546,
      0.07871
    ],
    [
      0.271,
      0.2382
    ],
    [
      0.3197,
      0.05784
    ]
  ],
  "Re": [
    [
      2.07,
      669.7
    ],
    [
      1.518,
      0.09766
    ],
    [
      0.4992,
      13.97
    ],
    [
      -0.563,
      0.04738
    ],
    [
      -0.4218,
      0.2385
    ]
  ],
  "Os": [
    [
      1.042,
      1.469
    ],
    [
      0.3499,
      0.05149
    ],
    [
      -1.514,
      0.1153
    ],
    [
      1.086,
      0.9417
    ],
    [
      0.7026,
      0.1142
    ]
  ],
  "Ir": [
    [
      0.02514,
      0.02202
    ],
    [
      11.39,
      101.1
    ],
    [
      -21.54,
      299.2
    ],
    [
      2.05,
      6.562
    ],
    [
      -0.02924,
      0.04927
    ]
  ],
  "Pt": [
    [
      2.001,
      0.1925
    ],
    [
      -3.305,
      0.2058
    ],
    [
      1.185,
      8.158
    ],
    [
      3.716,
      0.2857
    ],
    [
      -2.088,
      0.3153
    ]
  ],
  "Au": [
    [
      0.61,
      1.747
    ],
    [
      1.069,
      2.511
    ],
    [
      0.6258,
      0.2764
    ],
    [
      -3.433,
      0.634
    ],
    [
      2.102,
      0.776
    ]
  ]
}